total_duration_millis,Query,Source
29806,"['{""label_predicates"":[{""kind"":""exact"",""field_path"":""k8s_environment"",""value"":""production""},{""kind"":""exact"",""field_path"":""k8s_region"",""value"":""centralus""}],""field_predicates"":[{""kind"":""partial"",""field_path"":""payload.text"",""value"":""IssuesActivitiesImpl::importMenuFuture started""}],""min_time"":""2023-10-11T14:54:20.652Z"",""max_time"":""2023-10-11T20:54:20.652Z"",""sort"":""Desc"",""limit"":2000,""family"":""container_logs""}']",KIBANA
29792,"['{""label_predicates"":[{""kind"":""exact"",""field_path"":""k8s_environment"",""value"":""production""},{""kind"":""exact"",""field_path"":""k8s_region"",""value"":""centralus""}],""field_predicates"":[{""kind"":""exact"",""field_path"":""payload.fields.severity"",""value"":""ERROR""},{""kind"":""partial"",""field_path"":""kubernetes.pod_name"",""value"":""store-availability-service-canary-84cf9999cc-glfjd""}],""min_time"":""2023-09-28T22:03:56.632Z"",""max_time"":""2023-09-28T22:33:56.632Z"",""sort"":""Desc"",""limit"":2000,""family"":""container_logs""}']",KIBANA
29179,"['{""label_predicates"":[{""kind"":""exact"",""field_path"":""k8s_environment"",""value"":""production""},{""kind"":""exact"",""field_path"":""k8s_region"",""value"":""centralus""}],""field_predicates"":[{""kind"":""partial"",""field_path"":""kubernetes.cluster_name"",""value"":""data-staging-cluster""}],""min_time"":""2023-10-06T18:23:49.714Z"",""max_time"":""2023-10-06T18:38:49.714Z"",""sort"":""Desc"",""limit"":2000,""family"":""container_logs""}']",KIBANA
26252,"['{""label_predicates"":[{""kind"":""exact"",""field_path"":""k8s_environment"",""value"":""production""},{""kind"":""exact"",""field_path"":""k8s_region"",""value"":""centralus""}],""field_predicates"":[{""kind"":""partial"",""field_path"":""payload.text"",""value"":""[SquareTokensMap]:""},{""kind"":""partial"",""field_path"":""payload.text"",""value"":""268a440e-6eab-4974-a5bd-4d89ae1c58db""},{""kind"":""exact"",""field_path"":""extracted.uuid"",""value"":""268a440e-6eab-4974-a5bd-4d89ae1c58db""}],""min_time"":""2023-09-24T20:30:49.664Z"",""max_time"":""2023-09-25T20:30:49.664Z"",""sort"":""Desc"",""limit"":2000,""family"":""container_logs""}']",KIBANA
26000,"['{""label_predicates"":[{""kind"":""exact"",""field_path"":""k8s_environment"",""value"":""production""},{""kind"":""exact"",""field_path"":""k8s_region"",""value"":""centralus""}],""field_predicates"":[{""kind"":""partial"",""field_path"":""payload.text"",""value"":""e0ce1501-14cf-4e97-9a2a-0a8126e34803/--onboarding-workflow_u1v7sB-4k_""},{""kind"":""exact"",""field_path"":""extracted.uuid"",""value"":""e0ce1501-14cf-4e97-9a2a-0a8126e34803""}],""min_time"":""2023-10-10T17:55:25.617Z"",""max_time"":""2023-10-10T19:55:25.617Z"",""sort"":""Desc"",""limit"":2000,""family"":""container_logs""}']",KIBANA
24554,"['{""label_predicates"":[{""kind"":""exact"",""field_path"":""k8s_environment"",""value"":""production""},{""kind"":""exact"",""field_path"":""k8s_region"",""value"":""centralus""}],""field_predicates"":[{""kind"":""exact"",""field_path"":""payload.fields.severity"",""value"":""ERROR""}],""min_time"":""2023-10-05T21:44:19.089Z"",""max_time"":""2023-10-10T21:44:19.089Z"",""sort"":""Desc"",""limit"":2000,""family"":""container_logs""}']",KIBANA
23913,"['{""label_predicates"":[{""kind"":""exact"",""field_path"":""k8s_environment"",""value"":""production""},{""kind"":""exact"",""field_path"":""k8s_region"",""value"":""centralus""}],""field_predicates"":[{""kind"":""partial"",""field_path"":""payload.text"",""value"":""bdf00c20-1432-4fa7-b240-7e544ce33b3e""},{""kind"":""exact"",""field_path"":""extracted.uuid"",""value"":""bdf00c20-1432-4fa7-b240-7e544ce33b3e""}],""min_time"":""2023-10-03T19:57:41.188Z"",""max_time"":""2023-10-03T23:29:51.799Z"",""sort"":""Desc"",""limit"":2000,""family"":""container_logs""}']",KIBANA
23846,"['{""label_predicates"":[{""kind"":""exact"",""field_path"":""k8s_environment"",""value"":""production""},{""kind"":""exact"",""field_path"":""k8s_region"",""value"":""centralus""}],""field_predicates"":[{""kind"":""partial"",""field_path"":""payload.text"",""value"":""DataStoreException""}],""min_time"":""2023-10-02T18:03:03.633Z"",""max_time"":""2023-10-02T18:18:03.633Z"",""sort"":""Desc"",""limit"":2000,""family"":""container_logs""}']",KIBANA
22134,"['{""label_predicates"":[{""kind"":""exact"",""field_path"":""k8s_container"",""value"":""tunnelcar-w""}],""field_predicates"":[{""kind"":""partial"",""field_path"":""kubernetes.pod_name"",""value"":""dim-trino-query-logs-113716-exec-1""}],""min_time"":""2023-10-02T14:01:26.788Z"",""max_time"":""2023-10-09T14:01:26.788Z"",""sort"":""Desc"",""limit"":2000,""family"":""container_logs""}']",KIBANA
22074,"['{""label_predicates"":[{""kind"":""exact"",""field_path"":""k8s_environment"",""value"":""production""},{""kind"":""exact"",""field_path"":""k8s_region"",""value"":""centralus""}],""field_predicates"":[{""kind"":""exact"",""field_path"":""payload.fields.trace_id"",""value"":""b6615f8bd03b830224a4f285c98130d4""},{""kind"":""exact"",""field_path"":""payload.fields.span_id"",""value"":""a05de1beff7c46b5""},{""kind"":""exact"",""field_path"":""extracted.uuid"",""value"":""b6615f8bd03b830224a4f285c98130d4""}],""min_time"":""2023-09-26T01:49:48.584Z"",""max_time"":""2023-09-27T01:49:48.584Z"",""sort"":""Desc"",""limit"":2000,""family"":""container_logs""}']",KIBANA
21486,"['{""label_predicates"":[{""kind"":""exact"",""field_path"":""k8s_environment"",""value"":""production""},{""kind"":""exact"",""field_path"":""k8s_region"",""value"":""centralus""}],""field_predicates"":[{""kind"":""partial"",""field_path"":""payload.text"",""value"":""OrdersServiceImpl - Domain State From order service impl""}],""min_time"":""2023-09-27T09:05:06.193Z"",""max_time"":""2023-09-27T09:20:06.193Z"",""sort"":""Desc"",""limit"":2000,""family"":""container_logs""}']",KIBANA
21244,"['{""label_predicates"":[{""kind"":""exact"",""field_path"":""k8s_environment"",""value"":""production""},{""kind"":""exact"",""field_path"":""k8s_region"",""value"":""centralus""}],""field_predicates"":[{""kind"":""partial"",""field_path"":""payload.text"",""value"":""1d155bd4-011d-4927-a093-e5135fe2d5b5""},{""kind"":""exact"",""field_path"":""extracted.uuid"",""value"":""1d155bd4-011d-4927-a093-e5135fe2d5b5""}],""min_time"":""2023-10-11T18:37:13.183Z"",""max_time"":""2023-10-11T20:37:13.183Z"",""sort"":""Desc"",""limit"":2000,""family"":""container_logs""}']",KIBANA
21210,"['{""label_predicates"":[{""kind"":""exact"",""field_path"":""k8s_region"",""value"":""centralus""}],""field_predicates"":[{""kind"":""partial"",""field_path"":""payload.text"",""value"":""on Entry""}],""min_time"":""2023-09-27T11:56:41.741Z"",""max_time"":""2023-09-27T12:11:41.741Z"",""sort"":""Desc"",""limit"":2000,""family"":""container_logs""}']",KIBANA
20793,"['{""label_predicates"":[{""kind"":""exact"",""field_path"":""k8s_environment"",""value"":""production""}],""field_predicates"":[{""kind"":""partial"",""field_path"":""payload.text"",""value"":""InviteUser""}],""min_time"":""2023-09-30T03:34:24.395Z"",""max_time"":""2023-09-30T03:49:24.395Z"",""sort"":""Desc"",""limit"":2000,""family"":""container_logs""}']",KIBANA
20307,"['{""label_predicates"":[{""kind"":""exact"",""field_path"":""k8s_environment"",""value"":""production""},{""kind"":""exact"",""field_path"":""k8s_region"",""value"":""centralus""}],""field_predicates"":[{""kind"":""partial"",""field_path"":""payload.text"",""value"":""Processing noc inbound email""}],""min_time"":""2023-09-28T22:52:26.627Z"",""max_time"":""2023-09-28T23:07:26.627Z"",""sort"":""Desc"",""limit"":2000,""family"":""container_logs""}']",KIBANA
20133,"['{""label_predicates"":[{""kind"":""exact"",""field_path"":""k8s_environment"",""value"":""production""},{""kind"":""exact"",""field_path"":""k8s_region"",""value"":""centralus""}],""field_predicates"":[{""kind"":""partial"",""field_path"":""payload.text"",""value"":""OrdersServiceImpl - Domain State From order service impl""}],""min_time"":""2023-09-27T09:04:21.556Z"",""max_time"":""2023-09-27T09:19:21.556Z"",""sort"":""Desc"",""limit"":2000,""family"":""container_logs""}']",KIBANA
19439,"['{""label_predicates"":[{""kind"":""exact"",""field_path"":""k8s_environment"",""value"":""production""},{""kind"":""exact"",""field_path"":""k8s_region"",""value"":""centralus""}],""field_predicates"":[{""kind"":""exact"",""field_path"":""payload.fields.trace_id"",""value"":""7fbbad92eedcc4335322d58a341c76ea""},{""kind"":""partial"",""field_path"":""payload.text"",""value"":""Error""},{""kind"":""exact"",""field_path"":""extracted.uuid"",""value"":""7fbbad92eedcc4335322d58a341c76ea""}],""min_time"":""2023-10-02T22:27:13.994Z"",""max_time"":""2023-10-03T10:27:13.994Z"",""sort"":""Desc"",""limit"":2000,""family"":""container_logs""}']",KIBANA
18809,"['{""label_predicates"":[{""kind"":""exact"",""field_path"":""k8s_environment"",""value"":""production""},{""kind"":""exact"",""field_path"":""k8s_region"",""value"":""centralus""}],""field_predicates"":[{""kind"":""exact"",""field_path"":""payload.fields.ofo_slug"",""value"":""talabat""},{""kind"":""exact"",""field_path"":""payload.fields.call_type"",""value"":""GetOrderList""}],""min_time"":""2023-10-07T02:42:40.214Z"",""max_time"":""2023-10-08T02:42:40.214Z"",""sort"":""Desc"",""limit"":2000,""family"":""container_logs""}']",KIBANA
17786,"['{""label_predicates"":[{""kind"":""exact"",""field_path"":""k8s_environment"",""value"":""production""},{""kind"":""exact"",""field_path"":""k8s_region"",""value"":""centralus""}],""field_predicates"":[{""kind"":""exact"",""field_path"":""payload.fields.source_file"",""value"":""com.css.integrations.client.mfa.solver.MFASolverImpl""},{""kind"":""partial"",""field_path"":""payload.text"",""value"":""Polling timed out for""},{""kind"":""partial"",""field_path"":""payload.text"",""value"":""futurefoods.io""}],""min_time"":""2023-10-05T18:36:02.514Z"",""max_time"":""2023-10-05T21:36:02.514Z"",""sort"":""Desc"",""limit"":2000,""family"":""container_logs""}']",KIBANA
17235,"['{""label_predicates"":[{""kind"":""exact"",""field_path"":""k8s_app"",""value"":""browser-service""}],""field_predicates"":[{""kind"":""exact"",""field_path"":""payload.fields.service_slug"",""value"":""coupangeats""},{""kind"":""exact"",""field_path"":""payload.fields.severity"",""value"":""ERROR""},{""kind"":""partial"",""field_path"":""payload.text"",""value"":""ERR_HTTP2_PROTOCOL_ERROR""}],""min_time"":""2023-09-24T18:45:19.692Z"",""max_time"":""2023-09-25T14:45:19.692Z"",""sort"":""Desc"",""limit"":2000,""family"":""container_logs""}']",KIBANA
17231,"['{""label_predicates"":[{""kind"":""exact"",""field_path"":""k8s_container"",""value"":""outbound-gateway""}],""field_predicates"":[{""kind"":""exact"",""field_path"":""payload.fields.service_slug"",""value"":""toast""},{""kind"":""regex"",""field_path"":""phone"",""value"":"".*.*.*.*.*.*""}],""min_time"":""2023-09-27T20:15:33.240Z"",""max_time"":""2023-10-04T20:15:33.240Z"",""sort"":""Desc"",""limit"":2000,""family"":""container_logs""}']",KIBANA
16463,"['{""label_predicates"":[{""kind"":""exact"",""field_path"":""k8s_app"",""value"":""outbound-gateway""}],""field_predicates"":[{""kind"":""exact"",""field_path"":""payload.fields.source_file"",""value"":""com.css.integrations.grpc.interceptor.RequestLoggingInterceptor""},{""kind"":""partial"",""field_path"":""payload.text"",""value"":""shift4""}],""min_time"":""2023-09-28T14:55:49.042Z"",""max_time"":""2023-09-29T14:55:49.042Z"",""sort"":""Desc"",""limit"":2000,""family"":""container_logs""}']",KIBANA
16351,"['{""label_predicates"":[{""kind"":""exact"",""field_path"":""k8s_app"",""value"":""outbound-gateway""}],""field_predicates"":[{""kind"":""partial"",""field_path"":""payload.text"",""value"":""Polling timed out for""}],""min_time"":""2023-10-05T21:04:18.771Z"",""max_time"":""2023-10-06T02:04:18.771Z"",""sort"":""Desc"",""limit"":2000,""family"":""container_logs""}']",KIBANA
16128,"['{""label_predicates"":[{""kind"":""exact"",""field_path"":""k8s_environment"",""value"":""production""},{""kind"":""exact"",""field_path"":""k8s_region"",""value"":""centralus""}],""field_predicates"":[{""kind"":""partial"",""field_path"":""payload.text"",""value"":""4bb5e8dc701796abf4d8f67e3caafe75""},{""kind"":""exact"",""field_path"":""extracted.uuid"",""value"":""4bb5e8dc701796abf4d8f67e3caafe75""}],""min_time"":""2023-10-10T18:21:12.168Z"",""max_time"":""2023-10-10T20:21:12.168Z"",""sort"":""Desc"",""limit"":2000,""family"":""container_logs""}']",KIBANA
15060,"['{""label_predicates"":[{""kind"":""exact"",""field_path"":""k8s_environment"",""value"":""production""},{""kind"":""exact"",""field_path"":""k8s_region"",""value"":""centralus""}],""field_predicates"":[{""kind"":""regex"",""field_path"":""payload.text"",""value"":"".*""}],""min_time"":""2023-10-05T14:25:55.469Z"",""max_time"":""2023-10-06T14:25:55.469Z"",""sort"":""Desc"",""limit"":2000,""family"":""container_logs""}']",KIBANA
14914,"['{""label_predicates"":[{""kind"":""exact"",""field_path"":""k8s_environment"",""value"":""production""},{""kind"":""exact"",""field_path"":""k8s_region"",""value"":""centralus""}],""field_predicates"":[{""kind"":""partial"",""field_path"":""payload.text"",""value"":""e1ef5ef0c1f115ae0455f43e7f9183a4""},{""kind"":""exact"",""field_path"":""extracted.uuid"",""value"":""e1ef5ef0c1f115ae0455f43e7f9183a4""}],""min_time"":""2023-09-27T12:37:19.600Z"",""max_time"":""2023-09-27T17:37:19.600Z"",""sort"":""Desc"",""limit"":2000,""family"":""container_logs""}']",KIBANA
14458,"['{""label_predicates"":[{""kind"":""exact"",""field_path"":""k8s_container"",""value"":""cockroach""}],""field_predicates"":[{""kind"":""exact"",""field_path"":""payload.fields.severity"",""value"":""ERROR""}],""min_time"":""2023-10-10T14:30:00.000Z"",""max_time"":""2023-10-10T17:00:00.000Z"",""sort"":""Desc"",""limit"":2000,""family"":""container_logs""}']",KIBANA
14378,"['{""label_predicates"":[{""kind"":""exact"",""field_path"":""k8s_namespace"",""value"":""identity""}],""field_predicates"":[{""kind"":""exact"",""field_path"":""payload.fields.message"",""value"":""Not a valid CSS token""}],""min_time"":""2023-09-25T02:40:24.755Z"",""max_time"":""2023-09-26T02:40:24.755Z"",""sort"":""Desc"",""limit"":2000,""family"":""container_logs""}']",KIBANA
14369,"['{""label_predicates"":[{""kind"":""exact"",""field_path"":""k8s_environment"",""value"":""production""},{""kind"":""exact"",""field_path"":""k8s_region"",""value"":""centralus""}],""field_predicates"":[{""kind"":""partial"",""field_path"":""payload.text"",""value"":""UNAVAILABLE""}],""min_time"":""2023-09-28T17:00:00.000Z"",""max_time"":""2023-09-28T17:30:00.000Z"",""sort"":""Desc"",""limit"":2000,""family"":""container_logs""}']",KIBANA
14091,"['{""label_predicates"":[{""kind"":""exact"",""field_path"":""k8s_namespace"",""value"":""mrt-workflow""},{""kind"":""exact"",""field_path"":""k8s_container"",""value"":""mrt-workflow""}],""field_predicates"":[{""kind"":""exact"",""field_path"":""payload.fields.severity"",""value"":""WARN""},{""kind"":""exact"",""field_path"":""payload.fields.severity"",""value"":""ERROR""},{""kind"":""exact"",""field_path"":""payload.fields.severity"",""value"":""WARNING""},{""kind"":""partial"",""field_path"":""payload.text"",""value"":""Unable to match""}],""min_time"":""2023-10-03T18:35:15.014Z"",""max_time"":""2023-10-04T00:35:15.014Z"",""sort"":""Desc"",""limit"":2000,""family"":""container_logs""}']",KIBANA
13925,"['{""label_predicates"":[{""kind"":""exact"",""field_path"":""k8s_environment"",""value"":""production""},{""kind"":""exact"",""field_path"":""k8s_region"",""value"":""centralus""}],""field_predicates"":[{""kind"":""partial"",""field_path"":""payload.text"",""value"":""c61f56db-31be-3093-bc0d-6d140475efc1""},{""kind"":""exact"",""field_path"":""extracted.uuid"",""value"":""c61f56db-31be-3093-bc0d-6d140475efc1""}],""min_time"":""2023-10-06T17:33:02.272Z"",""max_time"":""2023-10-06T20:33:02.272Z"",""sort"":""Desc"",""limit"":2000,""family"":""container_logs""}']",KIBANA
13848,"['{""label_predicates"":[{""kind"":""exact"",""field_path"":""k8s_environment"",""value"":""production""},{""kind"":""exact"",""field_path"":""k8s_region"",""value"":""centralus""}],""field_predicates"":[{""kind"":""exact"",""field_path"":""payload.fields.ofo_slug"",""value"":""grubhubweb""},{""kind"":""exact"",""field_path"":""payload.fields.severity"",""value"":""ERROR""}],""min_time"":""2023-10-10T12:34:37.686Z"",""max_time"":""2023-10-10T13:04:37.686Z"",""sort"":""Desc"",""limit"":2000,""family"":""container_logs""}']",KIBANA
13409,"['{""label_predicates"":[{""kind"":""exact"",""field_path"":""k8s_container"",""value"":""outbound-gateway""}],""field_predicates"":[{""kind"":""exact"",""field_path"":""payload.fields.service_slug"",""value"":""toast""},{""kind"":""regex"",""field_path"":""payload.text"",""value"":""\\""phone\\"":\\""\\\\.*.*.*.*.*.*\\""""}],""min_time"":""2023-09-27T20:23:01.438Z"",""max_time"":""2023-10-04T20:23:01.438Z"",""sort"":""Desc"",""limit"":2000,""family"":""container_logs""}']",KIBANA
12992,"['{""label_predicates"":[{""kind"":""exact"",""field_path"":""k8s_environment"",""value"":""production""},{""kind"":""exact"",""field_path"":""k8s_region"",""value"":""centralus""}],""field_predicates"":[{""kind"":""exact"",""field_path"":""payload.fields.call_type"",""value"":""CreateOrder""},{""kind"":""exact"",""field_path"":""payload.fields.store_id"",""value"":""9bd1630e-90ef-4537-8627-9508c254c7d0""},{""kind"":""partial"",""field_path"":""payload.text"",""value"":""Incoming request""},{""kind"":""partial"",""field_path"":""payload.text"",""value"":""shift4""},{""kind"":""exact"",""field_path"":""extracted.uuid"",""value"":""9bd1630e-90ef-4537-8627-9508c254c7d0""}],""min_time"":""2023-09-27T17:16:09.719Z"",""max_time"":""2023-09-27T20:16:09.719Z"",""sort"":""Desc"",""limit"":2000,""family"":""container_logs""}']",KIBANA
12698,"['{""label_predicates"":[{""kind"":""exact"",""field_path"":""k8s_environment"",""value"":""production""},{""kind"":""exact"",""field_path"":""k8s_region"",""value"":""centralus""}],""field_predicates"":[{""kind"":""partial"",""field_path"":""payload.text"",""value"":""UNAVAILABLE""}],""min_time"":""2023-09-28T06:50:09.272Z"",""max_time"":""2023-09-28T18:50:09.272Z"",""sort"":""Desc"",""limit"":2000,""family"":""container_logs""}']",KIBANA
12599,"['{""label_predicates"":[{""kind"":""exact"",""field_path"":""k8s_environment"",""value"":""production""},{""kind"":""exact"",""field_path"":""k8s_region"",""value"":""centralus""}],""field_predicates"":[{""kind"":""exact"",""field_path"":""payload.fields.severity"",""value"":""ERROR""},{""kind"":""exact"",""field_path"":""payload.fields.ofo_slug"",""value"":""menulog""},{""kind"":""partial"",""field_path"":""payload.text"",""value"":""Remote host terminated the handshake""}],""min_time"":""2023-10-09T18:01:47.919Z"",""max_time"":""2023-10-09T21:01:47.919Z"",""sort"":""Desc"",""limit"":2000,""family"":""container_logs""}']",KIBANA
12440,"['{""label_predicates"":[{""kind"":""exact"",""field_path"":""k8s_environment"",""value"":""production""},{""kind"":""exact"",""field_path"":""k8s_region"",""value"":""centralus""}],""field_predicates"":[{""kind"":""partial"",""field_path"":""payload.text"",""value"":""elasticsearch-store-index-all-centralus-1""}],""min_time"":""2023-09-26T22:18:17.875Z"",""max_time"":""2023-09-26T22:28:17.875Z"",""sort"":""Desc"",""limit"":2000,""family"":""container_logs""}']",KIBANA
12328,"['{""label_predicates"":[{""kind"":""exact"",""field_path"":""k8s_environment"",""value"":""production""},{""kind"":""exact"",""field_path"":""k8s_region"",""value"":""centralus""}],""field_predicates"":[{""kind"":""partial"",""field_path"":""payload.text"",""value"":""NOT_FOUND: NOT_FOUND: Group not found""}],""min_time"":""2023-09-22T19:30:22.137Z"",""max_time"":""2023-09-22T19:35:22.137Z"",""sort"":""Desc"",""limit"":2000,""family"":""container_logs""}']",KIBANA
12240,"['{""label_predicates"":[{""kind"":""exact"",""field_path"":""k8s_namespace"",""value"":""menus""}],""field_predicates"":[{""kind"":""partial"",""field_path"":""kubernetes.pod_name"",""value"":""menu-workflows-6757546596-s9n8v""},{""kind"":""exact"",""field_path"":""payload.fields.stacktrace"",""value"":""io.temporal.failure.ApplicationFailure: message=\'Cannot find type for url: type.googleapis.com/com.css.ofo.ErrorMetadata\', type=\'com.google.protobuf.InvalidProtocolBufferException\', nonRetryable=false\\n\\tat com.google.protobuf.util.JsonFormat$PrinterImpl.printAny(JsonFormat.java:883)\\n\\tat com.google.protobuf.util.JsonFormat$PrinterImpl.access$1000(JsonFormat.java:711)\\n\\tat com.google.protobuf.util.JsonFormat$PrinterImpl$1.print(JsonFormat.java:784)\\n\\tat com.google.protobuf.util.JsonFormat$PrinterImpl.print(JsonFormat.java:763)\\n\\tat com.google.protobuf.util.JsonFormat$PrinterImpl.printSingleFieldValue(JsonFormat.java:1259)\\n\\tat com.google.protobuf.util.JsonFormat$PrinterImpl.printSingleFieldValue(JsonFormat.java:1124)\\n\\tat com.google.protobuf.util.JsonFormat$PrinterImpl.printRepeatedFieldValue(JsonFormat.java:1063)\\n\\tat com.google.protobuf.util.JsonFormat$PrinterImpl.printField(JsonFormat.java:1047)\\n\\tat com.google.protobuf.util.JsonFormat$PrinterImpl.print(JsonFormat.java:1027)\\n\\tat com.google.protobuf.util.JsonFormat$PrinterImpl.print(JsonFormat.java:766)\\n\\tat com.google.protobuf.util.JsonFormat$PrinterImpl.printSingleFieldValue(JsonFormat.java:1259)\\n\\tat com.google.protobuf.util.JsonFormat$PrinterImpl.printSingleFieldValue(JsonFormat.java:1124)\\n\\tat com.google.protobuf.util.JsonFormat$PrinterImpl.printField(JsonFormat.java:1049)\\n\\tat com.google.protobuf.util.JsonFormat$PrinterImpl.print(JsonFormat.java:1027)\\n\\tat com.google.protobuf.util.JsonFormat$PrinterImpl.print(JsonFormat.java:766)\\n\\tat com.google.protobuf.util.JsonFormat$PrinterImpl.printSingleFieldValue(JsonFormat.java:1259)\\n\\tat com.google.protobuf.util.JsonFormat$PrinterImpl.printSingleFieldValue(JsonFormat.java:1124)\\n\\tat com.google.protobuf.util.JsonFormat$PrinterImpl.printMapFieldValue(JsonFormat.java:1114)\\n\\tat com.google.protobuf.util.JsonFormat$PrinterImpl.printField(JsonFormat.java:1045)\\n\\tat com.google.protobuf.util.JsonFormat$PrinterImpl.print(JsonFormat.java:1027)\\n\\tat com.google.protobuf.util.JsonFormat$PrinterImpl.print(JsonFormat.java:766)\\n\\tat com.google.protobuf.util.JsonFormat$PrinterImpl.printSingleFieldValue(JsonFormat.java:1259)\\n\\tat com.google.protobuf.util.JsonFormat$PrinterImpl.printSingleFieldValue(JsonFormat.java:1124)\\n\\tat com.google.protobuf.util.JsonFormat$PrinterImpl.printField(JsonFormat.java:1049)\\n\\tat com.google.protobuf.util.JsonFormat$PrinterImpl.print(JsonFormat.java:1027)\\n\\tat com.google.protobuf.util.JsonFormat$PrinterImpl.print(JsonFormat.java:766)\\n\\tat com.google.protobuf.util.JsonFormat$Printer.appendTo(JsonFormat.java:369)\\n\\tat com.google.protobuf.util.JsonFormat$Printer.print(JsonFormat.java:379)\\n\\tat io.temporal.common.converter.ProtobufJsonPayloadConverter.toData(ProtobufJsonPayloadConverter.java:75)\\n\\tat io.temporal.common.converter.DefaultDataConverter.toPayload(DefaultDataConverter.java:118)\\n\\tat io.temporal.common.converter.DefaultDataConverter.toPayloads(DefaultDataConverter.java:158)\\n\\tat io.temporal.internal.activity.POJOActivityTaskHandler.constructActivityResultValue(POJOActivityTaskHandler.java:370)\\n\\tat io.temporal.internal.activity.POJOActivityTaskHandler.access$400(POJOActivityTaskHandler.java:63)\\n\\tat io.temporal.internal.activity.POJOActivityTaskHandler$POJOActivityImplementation.execute(POJOActivityTaskHandler.java:187)\\n\\tat io.temporal.internal.activity.POJOActivityTaskHandler.handle(POJOActivityTaskHandler.java:120)\\n\\tat io.temporal.internal.worker.ActivityWorker$TaskHandlerImpl.handle(ActivityWorker.java:208)\\n\\tat io.temporal.internal.worker.ActivityWorker$TaskHandlerImpl.handle(ActivityWorker.java:166)\\n\\tat io.temporal.internal.worker.PollTaskExecutor.lambda$process$0(PollTaskExecutor.java:93)\\n\\tat java.base/java.util.concurrent.ThreadPoolExecutor.runWorker(Unknown Source:0)\\n\\tat java.base/java.util.concurrent.ThreadPoolExecutor$Worker.run(Unknown Source:0)\\n\\tat java.base/java.lang.Thread.run(Unknown Source:0)""}],""min_time"":""2023-10-11T09:52:04.573Z"",""max_time"":""2023-10-11T13:52:04.573Z"",""sort"":""Desc"",""limit"":2000,""family"":""container_logs""}']",KIBANA
12076,"['{""label_predicates"":[{""kind"":""exact"",""field_path"":""k8s_environment"",""value"":""production""},{""kind"":""exact"",""field_path"":""k8s_region"",""value"":""centralus""}],""field_predicates"":[{""kind"":""partial"",""field_path"":""payload.text"",""value"":""3d4533fa-2843-46b1-8ce5-1352b4010fc0""},{""kind"":""exact"",""field_path"":""extracted.uuid"",""value"":""3d4533fa-2843-46b1-8ce5-1352b4010fc0""}],""min_time"":""2023-09-22T17:09:30.713Z"",""max_time"":""2023-09-22T18:09:30.713Z"",""sort"":""Desc"",""limit"":2000,""family"":""container_logs""}']",KIBANA
11728,"['{""label_predicates"":[{""kind"":""exact"",""field_path"":""k8s_environment"",""value"":""production""},{""kind"":""exact"",""field_path"":""k8s_region"",""value"":""centralus""}],""field_predicates"":[{""kind"":""partial"",""field_path"":""payload.text"",""value"":""10e17580-edb7-4511-9fc5-95d8632a9a3a""},{""kind"":""exact"",""field_path"":""extracted.uuid"",""value"":""10e17580-edb7-4511-9fc5-95d8632a9a3a""}],""min_time"":""2023-10-10T06:36:05.690Z"",""max_time"":""2023-10-10T07:30:00.000Z"",""sort"":""Desc"",""limit"":2000,""family"":""container_logs""}']",KIBANA
11568,"['{""label_predicates"":[{""kind"":""exact"",""field_path"":""k8s_namespace"",""value"":""identity""}],""field_predicates"":[{""kind"":""exact"",""field_path"":""payload.fields.severity"",""value"":""ERROR""}],""min_time"":""2023-09-22T22:59:12.650Z"",""max_time"":""2023-09-25T22:59:12.650Z"",""sort"":""Desc"",""limit"":2000,""family"":""container_logs""}']",KIBANA
11490,"['{""label_predicates"":[{""kind"":""exact"",""field_path"":""k8s_environment"",""value"":""production""},{""kind"":""exact"",""field_path"":""k8s_region"",""value"":""centralus""}],""field_predicates"":[{""kind"":""exact"",""field_path"":""payload.fields.severity"",""value"":""ERROR""}],""min_time"":""2023-09-27T15:02:59.230Z"",""max_time"":""2023-09-27T16:02:59.230Z"",""sort"":""Desc"",""limit"":2000,""family"":""container_logs""}']",KIBANA
11386,"['{""label_predicates"":[{""kind"":""exact"",""field_path"":""k8s_environment"",""value"":""production""},{""kind"":""exact"",""field_path"":""k8s_region"",""value"":""centralus""}],""field_predicates"":[{""kind"":""exact"",""field_path"":""payload.fields.severity"",""value"":""ERROR""},{""kind"":""partial"",""field_path"":""payload.text"",""value"":""ada7e4b8-3f4a-307f-8dca-914b6f02c36d""},{""kind"":""exact"",""field_path"":""extracted.uuid"",""value"":""ada7e4b8-3f4a-307f-8dca-914b6f02c36d""}],""min_time"":""2023-10-10T06:30:00.000Z"",""max_time"":""2023-10-10T07:00:00.000Z"",""sort"":""Desc"",""limit"":2000,""family"":""container_logs""}']",KIBANA
11213,"['{""label_predicates"":[{""kind"":""exact"",""field_path"":""k8s_environment"",""value"":""production""},{""kind"":""exact"",""field_path"":""k8s_region"",""value"":""centralus""}],""field_predicates"":[{""kind"":""regex"",""field_path"":""payload.text"",""value"":"".*""}],""min_time"":""2023-09-25T07:00:00.000Z"",""max_time"":""2023-10-04T06:30:00.000Z"",""sort"":""Desc"",""limit"":2000,""family"":""container_logs""}']",KIBANA
11194,"['{""label_predicates"":[{""kind"":""exact"",""field_path"":""k8s_environment"",""value"":""production""},{""kind"":""exact"",""field_path"":""k8s_region"",""value"":""centralus""}],""field_predicates"":[{""kind"":""partial"",""field_path"":""payload.text"",""value"":""getFullMenusBuilderByStore""}],""min_time"":""2023-10-04T05:30:00.000Z"",""max_time"":""2023-10-04T05:40:00.000Z"",""sort"":""Desc"",""limit"":2000,""family"":""container_logs""}']",KIBANA
11037,"['{""label_predicates"":[{""kind"":""exact"",""field_path"":""k8s_namespace"",""value"":""menus""}],""field_predicates"":[{""kind"":""partial"",""field_path"":""payload.text"",""value"":""8ba34498-3b00-3871-948a-ca680d061dbd""},{""kind"":""exact"",""field_path"":""extracted.uuid"",""value"":""8ba34498-3b00-3871-948a-ca680d061dbd""}],""min_time"":""2023-10-05T10:52:45.688Z"",""max_time"":""2023-10-05T15:52:45.688Z"",""sort"":""Desc"",""limit"":2000,""family"":""container_logs""}']",KIBANA
10826,"['{""label_predicates"":[{""kind"":""exact"",""field_path"":""k8s_namespace"",""value"":""menus""}],""field_predicates"":[{""kind"":""exact"",""field_path"":""payload.fields.severity"",""value"":""ERROR""},{""kind"":""partial"",""field_path"":""payload.text"",""value"":""IllegalStateException""}],""min_time"":""2023-10-04T05:22:14.261Z"",""max_time"":""2023-10-04T11:22:14.261Z"",""sort"":""Desc"",""limit"":2000,""family"":""container_logs""}']",KIBANA
10802,"['{""label_predicates"":[{""kind"":""exact"",""field_path"":""k8s_environment"",""value"":""production""},{""kind"":""exact"",""field_path"":""k8s_region"",""value"":""centralus""}],""field_predicates"":[{""kind"":""exact"",""field_path"":""payload.fields.service_slug"",""value"":""foodpanda-web""},{""kind"":""exact"",""field_path"":""payload.fields.call_type"",""value"":""GetOrderList""}],""min_time"":""2023-09-26T12:21:40.011Z"",""max_time"":""2023-09-26T12:51:40.011Z"",""sort"":""Desc"",""limit"":2000,""family"":""container_logs""}']",KIBANA
10717,"['{""label_predicates"":[{""kind"":""exact"",""field_path"":""k8s_environment"",""value"":""production""},{""kind"":""exact"",""field_path"":""k8s_region"",""value"":""centralus""}],""field_predicates"":[{""kind"":""exact"",""field_path"":""payload.fields.store_id"",""value"":""e539bae9-a75b-4204-9ed6-276a75570a12""},{""kind"":""exact"",""field_path"":""extracted.uuid"",""value"":""e539bae9-a75b-4204-9ed6-276a75570a12""}],""min_time"":""2023-10-10T03:38:50.320Z"",""max_time"":""2023-10-10T03:58:50.320Z"",""sort"":""Desc"",""limit"":2000,""family"":""container_logs""}']",KIBANA
10502,"['{""label_predicates"":[{""kind"":""exact"",""field_path"":""k8s_environment"",""value"":""production""},{""kind"":""exact"",""field_path"":""k8s_region"",""value"":""centralus""}],""field_predicates"":[{""kind"":""partial"",""field_path"":""kubernetes.pod_name"",""value"":""analytics-disaster-recovery-taskmanager-7dc9f975d4-bs2mz""},{""kind"":""partial"",""field_path"":""payload.text"",""value"":""Exception""}],""min_time"":""2023-10-11T18:16:52.973Z"",""max_time"":""2023-10-11T18:19:31.484Z"",""sort"":""Desc"",""limit"":2000,""family"":""container_logs""}']",KIBANA
10454,"['{""label_predicates"":[{""kind"":""exact"",""field_path"":""k8s_environment"",""value"":""production""},{""kind"":""exact"",""field_path"":""k8s_region"",""value"":""centralus""}],""field_predicates"":[{""kind"":""regex"",""field_path"":""payload.text"",""value"":"".*""}],""min_time"":""2023-09-27T06:34:27.503Z"",""max_time"":""2023-09-27T07:34:27.503Z"",""sort"":""Desc"",""limit"":2000,""family"":""container_logs""}']",KIBANA
10423,"['{""label_predicates"":[{""kind"":""exact"",""field_path"":""k8s_environment"",""value"":""production""},{""kind"":""exact"",""field_path"":""k8s_region"",""value"":""centralus""}],""field_predicates"":[{""kind"":""partial"",""field_path"":""kubernetes.labels.infradev_css_com_release_partition"",""value"":""canary""}],""min_time"":""2023-09-27T06:44:33.586Z"",""max_time"":""2023-09-27T07:09:33.586Z"",""sort"":""Desc"",""limit"":2000,""family"":""container_logs""}']",KIBANA
10393,"['{""label_predicates"":[{""kind"":""exact"",""field_path"":""k8s_namespace"",""value"":""analytics-pipeline""}],""field_predicates"":[{""kind"":""partial"",""field_path"":""payload.text"",""value"":""The kafka order need be replayed:""}],""min_time"":""2023-10-11T20:59:44.749Z"",""max_time"":""2023-10-11T21:59:44.749Z"",""sort"":""Desc"",""limit"":2000,""family"":""container_logs""}']",KIBANA
10339,"['{""label_predicates"":[{""kind"":""exact"",""field_path"":""k8s_environment"",""value"":""production""},{""kind"":""exact"",""field_path"":""k8s_region"",""value"":""centralus""}],""field_predicates"":[{""kind"":""exact"",""field_path"":""payload.fields.severity"",""value"":""ERROR""}],""min_time"":""2023-10-03T14:58:30.594Z"",""max_time"":""2023-10-03T15:03:30.594Z"",""sort"":""Desc"",""limit"":2000,""family"":""container_logs""}']",KIBANA
10162,"['{""label_predicates"":[{""kind"":""exact"",""field_path"":""k8s_environment"",""value"":""production""},{""kind"":""exact"",""field_path"":""k8s_region"",""value"":""centralus""}],""field_predicates"":[{""kind"":""exact"",""field_path"":""payload.fields.ofo_slug"",""value"":""grabfood-api""}],""min_time"":""2023-10-03T16:00:00.000Z"",""max_time"":""2023-10-04T16:00:00.000Z"",""sort"":""Desc"",""limit"":2000,""family"":""container_logs""}']",KIBANA
10144,"['{""label_predicates"":[{""kind"":""exact"",""field_path"":""k8s_container"",""value"":""dispute-producer-service""},{""kind"":""exact"",""field_path"":""k8s_namespace"",""value"":""order-dispute""}],""field_predicates"":[{""kind"":""exact"",""field_path"":""payload.fields.store_id"",""value"":""d4746171-34c1-4a5a-aa12-90e5c3ff7091""},{""kind"":""exact"",""field_path"":""payload.fields.ofo_slug"",""value"":""ubereats""},{""kind"":""exact"",""field_path"":""extracted.uuid"",""value"":""d4746171-34c1-4a5a-aa12-90e5c3ff7091""}],""min_time"":""2023-09-25T07:00:00.000Z"",""max_time"":""2023-10-01T06:30:00.000Z"",""sort"":""Desc"",""limit"":2000,""family"":""container_logs""}']",KIBANA
9982,"['{""label_predicates"":[{""kind"":""exact"",""field_path"":""k8s_environment"",""value"":""production""},{""kind"":""exact"",""field_path"":""k8s_region"",""value"":""centralus""}],""field_predicates"":[{""kind"":""exact"",""field_path"":""payload.fields.ofo_slug"",""value"":""coupangeats""},{""kind"":""exact"",""field_path"":""payload.fields.call_type"",""value"":""ReplyToReview""}],""min_time"":""2023-09-25T02:14:01.661Z"",""max_time"":""2023-09-25T02:44:01.661Z"",""sort"":""Desc"",""limit"":2000,""family"":""container_logs""}']",KIBANA
9969,"['{""label_predicates"":[{""kind"":""exact"",""field_path"":""k8s_container"",""value"":""dispute-producer-service""},{""kind"":""exact"",""field_path"":""k8s_namespace"",""value"":""order-dispute""}],""field_predicates"":[{""kind"":""exact"",""field_path"":""payload.fields.ofo_slug"",""value"":""ubereats""},{""kind"":""exact"",""field_path"":""payload.fields.store_id"",""value"":""372498c1-dbb6-48f7-b032-210912c385ed""},{""kind"":""exact"",""field_path"":""extracted.uuid"",""value"":""372498c1-dbb6-48f7-b032-210912c385ed""}],""min_time"":""2023-09-26T22:58:44.235Z"",""max_time"":""2023-10-10T22:58:44.235Z"",""sort"":""Desc"",""limit"":2000,""family"":""container_logs""}']",KIBANA
9931,"['{""label_predicates"":[{""kind"":""exact"",""field_path"":""k8s_environment"",""value"":""production""}],""field_predicates"":[{""kind"":""exact"",""field_path"":""payload.fields.call_type"",""value"":""BootstrapSkus""}],""min_time"":""2023-09-22T22:24:35.214Z"",""max_time"":""2023-09-22T23:24:35.214Z"",""sort"":""Desc"",""limit"":2000,""family"":""container_logs""}']",KIBANA
9907,"['{""label_predicates"":[{""kind"":""exact"",""field_path"":""k8s_environment"",""value"":""production""},{""kind"":""exact"",""field_path"":""k8s_region"",""value"":""centralus""}],""field_predicates"":[{""kind"":""exact"",""field_path"":""payload.fields.ofo_slug"",""value"":""grabfood-api""}],""min_time"":""2023-10-03T16:00:00.000Z"",""max_time"":""2023-10-04T16:00:00.000Z"",""sort"":""Desc"",""limit"":2000,""family"":""container_logs""}']",KIBANA
9847,"['{""label_predicates"":[{""kind"":""exact"",""field_path"":""k8s_environment"",""value"":""production""},{""kind"":""exact"",""field_path"":""k8s_region"",""value"":""centralus""}],""field_predicates"":[{""kind"":""partial"",""field_path"":""payload.text"",""value"":""c6458a0b-11e6-3391-92bf-1b91072ef73b""},{""kind"":""exact"",""field_path"":""extracted.uuid"",""value"":""c6458a0b-11e6-3391-92bf-1b91072ef73b""}],""min_time"":""2023-10-06T14:07:58.174Z"",""max_time"":""2023-10-06T16:35:57.335Z"",""sort"":""Desc"",""limit"":2000,""family"":""container_logs""}']",KIBANA
9843,"['{""label_predicates"":[{""kind"":""exact"",""field_path"":""k8s_namespace"",""value"":""mrt-workflow""},{""kind"":""exact"",""field_path"":""k8s_container"",""value"":""mrt-workflow""}],""field_predicates"":[{""kind"":""exact"",""field_path"":""payload.fields.severity"",""value"":""WARN""},{""kind"":""exact"",""field_path"":""payload.fields.severity"",""value"":""ERROR""},{""kind"":""exact"",""field_path"":""payload.fields.severity"",""value"":""WARNING""}],""min_time"":""2023-10-03T18:32:02.457Z"",""max_time"":""2023-10-04T00:32:02.457Z"",""sort"":""Desc"",""limit"":2000,""family"":""container_logs""}']",KIBANA
9557,"['{""label_predicates"":[{""kind"":""exact"",""field_path"":""k8s_environment"",""value"":""production""},{""kind"":""exact"",""field_path"":""k8s_region"",""value"":""centralus""}],""field_predicates"":[{""kind"":""partial"",""field_path"":""payload.text"",""value"":""8b2eb492-4a64-3df8-8cab-b162ac8a2cb2""},{""kind"":""exact"",""field_path"":""extracted.uuid"",""value"":""8b2eb492-4a64-3df8-8cab-b162ac8a2cb2""}],""min_time"":""2023-10-04T21:05:03.371Z"",""max_time"":""2023-10-04T21:55:03.371Z"",""sort"":""Desc"",""limit"":2000,""family"":""container_logs""}']",KIBANA
9449,"['{""label_predicates"":[{""kind"":""exact"",""field_path"":""k8s_environment"",""value"":""production""},{""kind"":""exact"",""field_path"":""k8s_region"",""value"":""centralus""}],""field_predicates"":[{""kind"":""regex"",""field_path"":""payload.text"",""value"":"".*""}],""min_time"":""2023-10-11T18:44:04.830Z"",""max_time"":""2023-10-11T19:44:04.830Z"",""sort"":""Desc"",""limit"":2000,""family"":""container_logs""}']",KIBANA
9446,"['{""label_predicates"":[{""kind"":""exact"",""field_path"":""k8s_environment"",""value"":""production""},{""kind"":""exact"",""field_path"":""k8s_region"",""value"":""centralus""}],""field_predicates"":[{""kind"":""exact"",""field_path"":""payload.fields.store_id"",""value"":""ae95cf2c-8aed-47cf-8ca4-eabf47606f0d""},{""kind"":""partial"",""field_path"":""payload.text"",""value"":""MWA0007""},{""kind"":""exact"",""field_path"":""extracted.uuid"",""value"":""ae95cf2c-8aed-47cf-8ca4-eabf47606f0d""}],""min_time"":""2023-10-09T10:17:00.973Z"",""max_time"":""2023-10-09T10:47:00.973Z"",""sort"":""Desc"",""limit"":2000,""family"":""container_logs""}']",KIBANA
9392,"['{""label_predicates"":[{""kind"":""exact"",""field_path"":""k8s_environment"",""value"":""production""},{""kind"":""exact"",""field_path"":""k8s_region"",""value"":""centralus""}],""field_predicates"":[{""kind"":""regex"",""field_path"":""payload.text"",""value"":"".*""}],""min_time"":""2023-09-26T04:30:00.000Z"",""max_time"":""2023-09-26T07:00:00.000Z"",""sort"":""Desc"",""limit"":2000,""family"":""container_logs""}']",KIBANA
9363,"['{""label_predicates"":[{""kind"":""exact"",""field_path"":""k8s_environment"",""value"":""production""},{""kind"":""exact"",""field_path"":""k8s_region"",""value"":""centralus""}],""field_predicates"":[{""kind"":""partial"",""field_path"":""kubernetes.pod_name"",""value"":""retro-order-producer-mlnkq6stj-tn2dg""}],""min_time"":""2023-10-10T19:34:38.357Z"",""max_time"":""2023-10-10T19:39:38.357Z"",""sort"":""Desc"",""limit"":2000,""family"":""container_logs""}']",KIBANA
9163,"['{""label_predicates"":[{""kind"":""exact"",""field_path"":""k8s_environment"",""value"":""production""},{""kind"":""exact"",""field_path"":""k8s_region"",""value"":""centralus""}],""field_predicates"":[{""kind"":""exact"",""field_path"":""payload.fields.ofo_slug"",""value"":""talabat""},{""kind"":""exact"",""field_path"":""payload.fields.call_type"",""value"":""GetOrderList""},{""kind"":""exact"",""field_path"":""payload.fields.store_id"",""value"":""1cbdad41-efd7-4dd7-a191-9554bcfaac69""},{""kind"":""exact"",""field_path"":""extracted.uuid"",""value"":""1cbdad41-efd7-4dd7-a191-9554bcfaac69""}],""min_time"":""2023-10-04T14:08:00.000Z"",""max_time"":""2023-10-04T14:20:00.000Z"",""sort"":""Desc"",""limit"":2000,""family"":""container_logs""}']",KIBANA
8906,"['{""label_predicates"":[{""kind"":""exact"",""field_path"":""k8s_environment"",""value"":""production""},{""kind"":""exact"",""field_path"":""k8s_region"",""value"":""centralus""}],""field_predicates"":[{""kind"":""exact"",""field_path"":""payload.fields.ofo_slug"",""value"":""baemin""},{""kind"":""partial"",""field_path"":""payload.text"",""value"":""fixedDiscountPrice""}],""min_time"":""2023-10-11T04:13:04.724Z"",""max_time"":""2023-10-11T04:28:04.724Z"",""sort"":""Desc"",""limit"":2000,""family"":""container_logs""}']",KIBANA
8792,"['{""label_predicates"":[{""kind"":""exact"",""field_path"":""k8s_environment"",""value"":""production""},{""kind"":""exact"",""field_path"":""k8s_region"",""value"":""centralus""}],""field_predicates"":[{""kind"":""exact"",""field_path"":""payload.fields.trace_id"",""value"":""30ba5da7070c3ec6898e4337d9937048""},{""kind"":""exact"",""field_path"":""extracted.uuid"",""value"":""30ba5da7070c3ec6898e4337d9937048""}],""min_time"":""2023-10-11T15:40:25.308Z"",""max_time"":""2023-10-11T16:40:25.308Z"",""sort"":""Desc"",""limit"":2000,""family"":""container_logs""}']",KIBANA
8779,"['{""label_predicates"":[{""kind"":""exact"",""field_path"":""k8s_environment"",""value"":""production""},{""kind"":""exact"",""field_path"":""k8s_region"",""value"":""centralus""}],""field_predicates"":[{""kind"":""regex"",""field_path"":""payload.text"",""value"":"".*""}],""min_time"":""2023-09-25T16:14:18.233Z"",""max_time"":""2023-09-25T16:24:18.233Z"",""sort"":""Desc"",""limit"":2000,""family"":""container_logs""}']",KIBANA
8598,"['{""label_predicates"":[{""kind"":""exact"",""field_path"":""k8s_environment"",""value"":""production""},{""kind"":""exact"",""field_path"":""k8s_region"",""value"":""centralus""}],""field_predicates"":[{""kind"":""regex"",""field_path"":""payload.text"",""value"":"".*""}],""min_time"":""2023-10-02T16:46:36.092Z"",""max_time"":""2023-10-02T16:56:36.092Z"",""sort"":""Desc"",""limit"":2000,""family"":""container_logs""}']",KIBANA
8556,"['{""label_predicates"":[{""kind"":""exact"",""field_path"":""k8s_environment"",""value"":""production""},{""kind"":""exact"",""field_path"":""k8s_region"",""value"":""centralus""}],""field_predicates"":[{""kind"":""exact"",""field_path"":""payload.fields.trace_id"",""value"":""2f742dff328ea75debc186c5da3e8182""},{""kind"":""exact"",""field_path"":""extracted.uuid"",""value"":""2f742dff328ea75debc186c5da3e8182""}],""min_time"":""2023-09-26T11:58:47.040Z"",""max_time"":""2023-09-26T12:58:47.040Z"",""sort"":""Desc"",""limit"":2000,""family"":""container_logs""}']",KIBANA
8519,"['{""label_predicates"":[{""kind"":""exact"",""field_path"":""k8s_environment"",""value"":""production""},{""kind"":""exact"",""field_path"":""k8s_region"",""value"":""centralus""}],""field_predicates"":[{""kind"":""partial"",""field_path"":""payload.text"",""value"":""e630b37991e0d1b95953044f7a57365e""},{""kind"":""exact"",""field_path"":""extracted.uuid"",""value"":""e630b37991e0d1b95953044f7a57365e""}],""min_time"":""2023-10-10T17:33:28.952Z"",""max_time"":""2023-10-10T17:38:28.952Z"",""sort"":""Desc"",""limit"":2000,""family"":""container_logs""}']",KIBANA
8497,"['{""label_predicates"":[{""kind"":""exact"",""field_path"":""k8s_environment"",""value"":""production""},{""kind"":""exact"",""field_path"":""k8s_region"",""value"":""centralus""}],""field_predicates"":[{""kind"":""regex"",""field_path"":""payload.text"",""value"":"".*""}],""min_time"":""2023-10-04T22:15:14.086Z"",""max_time"":""2023-10-04T22:15:18.086Z"",""sort"":""Desc"",""limit"":2000,""family"":""container_logs""}']",KIBANA
8453,"['{""label_predicates"":[{""kind"":""exact"",""field_path"":""k8s_namespace"",""value"":""store-config""}],""field_predicates"":[{""kind"":""partial"",""field_path"":""payload.text"",""value"":""FindAccountsByIndex""},{""kind"":""partial"",""field_path"":""payload.text"",""value"":""ea82f6e0-75d3-46fd-8f88-cb2e30eea60f""},{""kind"":""exact"",""field_path"":""extracted.uuid"",""value"":""ea82f6e0-75d3-46fd-8f88-cb2e30eea60f""}],""min_time"":""2023-10-04T22:00:00.000Z"",""max_time"":""2023-10-05T22:30:00.000Z"",""sort"":""Desc"",""limit"":2000,""family"":""container_logs""}']",KIBANA
8395,"['{""label_predicates"":[{""kind"":""exact"",""field_path"":""k8s_environment"",""value"":""production""}],""field_predicates"":[{""kind"":""regex"",""field_path"":""payload.text"",""value"":"".*""}],""min_time"":""2023-09-27T21:44:42.032Z"",""max_time"":""2023-09-27T21:49:42.032Z"",""sort"":""Desc"",""limit"":2000,""family"":""container_logs""}']",KIBANA
8343,"['{""label_predicates"":[{""kind"":""exact"",""field_path"":""k8s_environment"",""value"":""production""},{""kind"":""exact"",""field_path"":""k8s_region"",""value"":""centralus""}],""field_predicates"":[{""kind"":""partial"",""field_path"":""payload.text"",""value"":""1cbdad41-efd7-4dd7-a191-9554bcfaac69""},{""kind"":""exact"",""field_path"":""extracted.uuid"",""value"":""1cbdad41-efd7-4dd7-a191-9554bcfaac69""}],""min_time"":""2023-10-04T14:11:35.000Z"",""max_time"":""2023-10-04T14:11:45.000Z"",""sort"":""Desc"",""limit"":2000,""family"":""container_logs""}']",KIBANA
8112,"['{""label_predicates"":[{""kind"":""exact"",""field_path"":""k8s_environment"",""value"":""production""},{""kind"":""exact"",""field_path"":""k8s_region"",""value"":""centralus""}],""field_predicates"":[{""kind"":""exact"",""field_path"":""payload.fields.service_slug"",""value"":""yogiyo""},{""kind"":""exact"",""field_path"":""payload.fields.call_type"",""value"":""GetMenu""}],""min_time"":""2023-09-27T07:02:05.074Z"",""max_time"":""2023-09-27T07:17:05.074Z"",""sort"":""Desc"",""limit"":2000,""family"":""container_logs""}']",KIBANA
8015,"['{""label_predicates"":[{""kind"":""exact"",""field_path"":""k8s_namespace"",""value"":""identity""}],""field_predicates"":[{""kind"":""exact"",""field_path"":""payload.fields.severity"",""value"":""ERROR""}],""min_time"":""2023-10-02T13:22:10.028Z"",""max_time"":""2023-10-02T19:22:10.028Z"",""sort"":""Desc"",""limit"":2000,""family"":""container_logs""}']",KIBANA
7438,"['{""label_predicates"":[{""kind"":""exact"",""field_path"":""k8s_environment"",""value"":""production""},{""kind"":""exact"",""field_path"":""k8s_region"",""value"":""centralus""}],""field_predicates"":[{""kind"":""regex"",""field_path"":""payload.text"",""value"":"".*""}],""min_time"":""2023-09-29T19:07:53.776Z"",""max_time"":""2023-09-29T19:17:53.776Z"",""sort"":""Desc"",""limit"":2000,""family"":""container_logs""}']",KIBANA
7419,"['{""label_predicates"":[{""kind"":""exact"",""field_path"":""k8s_environment"",""value"":""production""},{""kind"":""exact"",""field_path"":""k8s_region"",""value"":""centralus""}],""field_predicates"":[{""kind"":""exact"",""field_path"":""payload.fields.source_file"",""value"":""com.css.deliveryinspector.kafka.BatchReportKafkaEventProcessor""}],""min_time"":""2023-09-25T16:00:27.212Z"",""max_time"":""2023-09-25T16:03:27.212Z"",""sort"":""Desc"",""limit"":2000,""family"":""container_logs""}']",KIBANA
7321,"['{""label_predicates"":[{""kind"":""exact"",""field_path"":""k8s_environment"",""value"":""production""},{""kind"":""exact"",""field_path"":""k8s_region"",""value"":""centralus""}],""field_predicates"":[{""kind"":""partial"",""field_path"":""payload.text"",""value"":""29a11b07374faccc5ac6dcc69a614d99""},{""kind"":""exact"",""field_path"":""extracted.uuid"",""value"":""29a11b07374faccc5ac6dcc69a614d99""}],""min_time"":""2023-09-28T16:09:16.149Z"",""max_time"":""2023-09-28T16:14:16.149Z"",""sort"":""Desc"",""limit"":2000,""family"":""container_logs""}']",KIBANA
7041,"['{""label_predicates"":[{""kind"":""exact"",""field_path"":""k8s_environment"",""value"":""production""},{""kind"":""exact"",""field_path"":""k8s_region"",""value"":""centralus""}],""field_predicates"":[{""kind"":""regex"",""field_path"":""payload.text"",""value"":"".*""}],""min_time"":""2023-10-11T17:28:06.097Z"",""max_time"":""2023-10-11T17:33:06.097Z"",""sort"":""Desc"",""limit"":2000,""family"":""container_logs""}']",KIBANA
6762,"['{""label_predicates"":[{""kind"":""exact"",""field_path"":""k8s_environment"",""value"":""production""}],""field_predicates"":[{""kind"":""exact"",""field_path"":""payload.fields.call_type"",""value"":""BootstrapSkus""}],""min_time"":""2023-09-22T22:55:58.867Z"",""max_time"":""2023-09-22T23:55:58.867Z"",""sort"":""Desc"",""limit"":2000,""family"":""container_logs""}']",KIBANA
6470,"['{""label_predicates"":[{""kind"":""exact"",""field_path"":""k8s_environment"",""value"":""production""},{""kind"":""exact"",""field_path"":""k8s_region"",""value"":""centralus""}],""field_predicates"":[{""kind"":""regex"",""field_path"":""payload.text"",""value"":"".*""}],""min_time"":""2023-10-05T14:15:23.809Z"",""max_time"":""2023-10-06T14:15:23.809Z"",""sort"":""Desc"",""limit"":2000,""family"":""container_logs""}']",KIBANA
6193,"['{""label_predicates"":[{""kind"":""exact"",""field_path"":""k8s_region"",""value"":""centralus""}],""field_predicates"":[{""kind"":""partial"",""field_path"":""payload.text"",""value"":""ifood-merchant-api""}],""min_time"":""2023-09-27T12:47:54.082Z"",""max_time"":""2023-09-27T12:52:54.082Z"",""sort"":""Desc"",""limit"":2000,""family"":""container_logs""}']",KIBANA
6095,"['{""label_predicates"":[{""kind"":""exact"",""field_path"":""k8s_namespace"",""value"":""hoi""}],""field_predicates"":[{""kind"":""partial"",""field_path"":""payload.text"",""value"":""org.postgresql.util.PSQLException""}],""min_time"":""2023-09-22T17:12:14.081Z"",""max_time"":""2023-10-02T17:12:14.081Z"",""sort"":""Desc"",""limit"":2000,""family"":""container_logs""}']",KIBANA
6010,"['{""label_predicates"":[{""kind"":""exact"",""field_path"":""k8s_environment"",""value"":""production""},{""kind"":""exact"",""field_path"":""k8s_region"",""value"":""centralus""}],""field_predicates"":[{""kind"":""regex"",""field_path"":""payload.text"",""value"":"".*""}],""min_time"":""2023-10-10T15:29:40.090Z"",""max_time"":""2023-10-10T16:29:40.090Z"",""sort"":""Desc"",""limit"":2000,""family"":""container_logs""}']",KIBANA
5503,"['{""label_predicates"":[{""kind"":""exact"",""field_path"":""k8s_environment"",""value"":""production""},{""kind"":""exact"",""field_path"":""k8s_region"",""value"":""centralus""}],""field_predicates"":[{""kind"":""partial"",""field_path"":""payload.text"",""value"":""75c56f80-58c6-4b1a-acdf-7d415041c6ed""},{""kind"":""exact"",""field_path"":""extracted.uuid"",""value"":""75c56f80-58c6-4b1a-acdf-7d415041c6ed""}],""min_time"":""2023-10-02T17:19:09.934Z"",""max_time"":""2023-10-02T19:19:09.934Z"",""sort"":""Desc"",""limit"":2000,""family"":""container_logs""}']",KIBANA
5323,"['{""label_predicates"":[{""kind"":""exact"",""field_path"":""k8s_namespace"",""value"":""ottergate""}],""field_predicates"":[{""kind"":""partial"",""field_path"":""payload.text"",""value"":""ERROR""}],""min_time"":""2023-10-03T18:56:45.939Z"",""max_time"":""2023-10-05T18:56:45.939Z"",""sort"":""Desc"",""limit"":2000,""family"":""container_logs""}']",KIBANA
5293,"['{""label_predicates"":[{""kind"":""exact"",""field_path"":""k8s_namespace"",""value"":""mrt-workflow""},{""kind"":""exact"",""field_path"":""k8s_container"",""value"":""mrt-workflow""}],""field_predicates"":[{""kind"":""exact"",""field_path"":""payload.fields.severity"",""value"":""WARN""},{""kind"":""exact"",""field_path"":""payload.fields.severity"",""value"":""ERROR""},{""kind"":""exact"",""field_path"":""payload.fields.severity"",""value"":""WARNING""}],""min_time"":""2023-10-03T20:57:17.877Z"",""max_time"":""2023-10-04T00:25:00.000Z"",""sort"":""Desc"",""limit"":2000,""family"":""container_logs""}']",KIBANA
5175,"['{""label_predicates"":[{""kind"":""exact"",""field_path"":""k8s_app"",""value"":""order-dispute-portal""}],""field_predicates"":[{""kind"":""exact"",""field_path"":""payload.fields.severity"",""value"":""ERROR""},{""kind"":""exact"",""field_path"":""payload.fields.source_file"",""value"":""com.css.enterprise.order.dispute.submitter.portal.service.clients.DisputesGatewayClient""}],""min_time"":""2023-10-02T23:12:00.100Z"",""max_time"":""2023-10-03T23:12:00.100Z"",""sort"":""Desc"",""limit"":2000,""family"":""container_logs""}']",KIBANA
5129,"['{""label_predicates"":[{""kind"":""exact"",""field_path"":""k8s_environment"",""value"":""production""},{""kind"":""exact"",""field_path"":""k8s_region"",""value"":""centralus""}],""field_predicates"":[{""kind"":""exact"",""field_path"":""payload.fields.namespace"",""value"":""payment-central""}],""min_time"":""2023-10-03T14:01:21.546Z"",""max_time"":""2023-10-03T16:01:21.546Z"",""sort"":""Desc"",""limit"":2000,""family"":""container_logs""}']",KIBANA
4956,"['{""label_predicates"":[{""kind"":""exact"",""field_path"":""k8s_environment"",""value"":""production""},{""kind"":""exact"",""field_path"":""k8s_region"",""value"":""centralus""}],""field_predicates"":[{""kind"":""partial"",""field_path"":""payload.text"",""value"":""ERROR_TYPE_INTERNAL_UNEXPECTED_RESPONSE""}],""min_time"":""2023-10-10T22:40:12.791Z"",""max_time"":""2023-10-10T22:45:12.791Z"",""sort"":""Desc"",""limit"":2000,""family"":""container_logs""}']",KIBANA
4915,"['{""label_predicates"":[{""kind"":""exact"",""field_path"":""k8s_environment"",""value"":""production""},{""kind"":""exact"",""field_path"":""k8s_region"",""value"":""centralus""}],""field_predicates"":[{""kind"":""partial"",""field_path"":""payload.text"",""value"":""cb53008a-1691-39b9-ae4f-0f097f5ca234""},{""kind"":""exact"",""field_path"":""extracted.uuid"",""value"":""cb53008a-1691-39b9-ae4f-0f097f5ca234""}],""min_time"":""2023-10-10T03:38:50.320Z"",""max_time"":""2023-10-10T03:58:50.320Z"",""sort"":""Desc"",""limit"":2000,""family"":""container_logs""}']",KIBANA
4767,"['{""label_predicates"":[{""kind"":""exact"",""field_path"":""k8s_environment"",""value"":""production""},{""kind"":""exact"",""field_path"":""k8s_region"",""value"":""centralus""}],""field_predicates"":[{""kind"":""regex"",""field_path"":""payload.text"",""value"":"".*""}],""min_time"":""2023-09-26T11:50:00.000Z"",""max_time"":""2023-09-26T12:10:00.000Z"",""sort"":""Desc"",""limit"":2000,""family"":""container_logs""}']",KIBANA
4742,"['{""label_predicates"":[{""kind"":""exact"",""field_path"":""k8s_container"",""value"":""websocket-service""}],""field_predicates"":[{""kind"":""partial"",""field_path"":""payload.text"",""value"":""io.grpc.Context was cancelled without error""}],""min_time"":""2023-10-09T14:48:22.018Z"",""max_time"":""2023-10-10T14:48:22.018Z"",""sort"":""Desc"",""limit"":2000,""family"":""container_logs""}']",KIBANA
4645,"['{""label_predicates"":[{""kind"":""exact"",""field_path"":""k8s_environment"",""value"":""production""},{""kind"":""exact"",""field_path"":""k8s_region"",""value"":""centralus""}],""field_predicates"":[{""kind"":""exact"",""field_path"":""payload.fields.severity"",""value"":""ERROR""}],""min_time"":""2023-10-06T23:09:01.558Z"",""max_time"":""2023-10-06T23:39:01.558Z"",""sort"":""Desc"",""limit"":2000,""family"":""container_logs""}']",KIBANA
4514,"['{""label_predicates"":[{""kind"":""exact"",""field_path"":""k8s_container"",""value"":""store-index-ingester-grpc""}],""field_predicates"":[{""kind"":""exact"",""field_path"":""payload.fields.severity"",""value"":""ERROR""},{""kind"":""partial"",""field_path"":""kubernetes.pod_name"",""value"":""store-index-ingester-grpc-696d48fcfc-4878d""},{""kind"":""partial"",""field_path"":""kubernetes.cluster_name"",""value"":""aks-centralus-prod-main-001""},{""kind"":""partial"",""field_path"":""kubernetes.cluster_name"",""value"":""aks-northcentralus-prod-main-001""},{""kind"":""partial"",""field_path"":""kubernetes.cluster_name"",""value"":""aks-eastus2-prod-main-001""},{""kind"":""partial"",""field_path"":""payload.text"",""value"":""store-index-ingester-grpc-696d48fcfc-4878d""}],""min_time"":""2023-10-11T19:15:36.098Z"",""max_time"":""2023-10-11T19:45:36.098Z"",""sort"":""Desc"",""limit"":2000,""family"":""container_logs""}']",KIBANA
4411,"['{""label_predicates"":[{""kind"":""exact"",""field_path"":""k8s_namespace"",""value"":""analytics-pipeline""}],""field_predicates"":[{""kind"":""partial"",""field_path"":""payload.text"",""value"":""EnrichedOrderSink""}],""min_time"":""2023-09-25T20:41:07.211Z"",""max_time"":""2023-10-02T20:41:07.211Z"",""sort"":""Desc"",""limit"":2000,""family"":""container_logs""}']",KIBANA
4410,"['{""label_predicates"":[{""kind"":""exact"",""field_path"":""k8s_environment"",""value"":""production""},{""kind"":""exact"",""field_path"":""k8s_region"",""value"":""centralus""}],""field_predicates"":[{""kind"":""exact"",""field_path"":""payload.fields.service_slug"",""value"":""foodpanda-web""}],""min_time"":""2023-09-26T12:42:34.564Z"",""max_time"":""2023-09-26T12:47:34.564Z"",""sort"":""Desc"",""limit"":2000,""family"":""container_logs""}']",KIBANA
4239,"['{""label_predicates"":[{""kind"":""exact"",""field_path"":""k8s_container"",""value"":""websocket-service""}],""field_predicates"":[{""kind"":""partial"",""field_path"":""payload.text"",""value"":""Calling openConnection for StoreLink""}],""min_time"":""2023-10-10T10:00:29.591Z"",""max_time"":""2023-10-11T10:00:29.591Z"",""sort"":""Desc"",""limit"":2000,""family"":""container_logs""}']",KIBANA
4219,"['{""label_predicates"":[{""kind"":""exact"",""field_path"":""k8s_environment"",""value"":""production""},{""kind"":""exact"",""field_path"":""k8s_region"",""value"":""centralus""}],""field_predicates"":[{""kind"":""partial"",""field_path"":""payload.text"",""value"":""5fb09dd4-43d7-43f1-b583-59036d2b3775""},{""kind"":""exact"",""field_path"":""extracted.uuid"",""value"":""5fb09dd4-43d7-43f1-b583-59036d2b3775""}],""min_time"":""2023-09-27T22:28:32.724Z"",""max_time"":""2023-09-27T23:28:32.724Z"",""sort"":""Desc"",""limit"":2000,""family"":""container_logs""}']",KIBANA
4188,"['{""label_predicates"":[{""kind"":""exact"",""field_path"":""k8s_app"",""value"":""order-dispute-portal""}],""field_predicates"":[{""kind"":""exact"",""field_path"":""payload.fields.source_file"",""value"":""com.css.enterprise.order.dispute.submitter.portal.service.clients.DisputesGatewayClient""},{""kind"":""exact"",""field_path"":""payload.fields.severity"",""value"":""ERROR""},{""kind"":""partial"",""field_path"":""payload.text"",""value"":""UNAVAILABLE""}],""min_time"":""2023-09-25T19:22:56.790Z"",""max_time"":""2023-09-27T19:22:56.790Z"",""sort"":""Desc"",""limit"":2000,""family"":""container_logs""}']",KIBANA
4040,"['{""label_predicates"":[{""kind"":""exact"",""field_path"":""k8s_namespace"",""value"":""authz5""},{""kind"":""exact"",""field_path"":""k8s_app"",""value"":""authz5workflows""}],""field_predicates"":[{""kind"":""partial"",""field_path"":""payload.text"",""value"":""Policy UUID from module and seed""},{""kind"":""partial"",""field_path"":""payload.text"",""value"":""Attribute set UUID from module and seed.""},{""kind"":""partial"",""field_path"":""payload.text"",""value"":""Policy UUID from module and seed.""}],""min_time"":""2023-10-09T16:02:57.504Z"",""max_time"":""2023-10-10T16:02:57.504Z"",""sort"":""Desc"",""limit"":2000,""family"":""container_logs""}']",KIBANA
3964,"['{""label_predicates"":[{""kind"":""exact"",""field_path"":""k8s_environment"",""value"":""production""},{""kind"":""exact"",""field_path"":""k8s_region"",""value"":""centralus""}],""field_predicates"":[{""kind"":""partial"",""field_path"":""payload.text"",""value"":""50f3325d-0094-46e8-8fd5-4b1392b85877""},{""kind"":""exact"",""field_path"":""extracted.uuid"",""value"":""50f3325d-0094-46e8-8fd5-4b1392b85877""}],""min_time"":""2023-09-28T04:39:23.258Z"",""max_time"":""2023-09-28T04:44:23.258Z"",""sort"":""Desc"",""limit"":2000,""family"":""container_logs""}']",KIBANA
3673,"['{""label_predicates"":[{""kind"":""exact"",""field_path"":""k8s_environment"",""value"":""production""},{""kind"":""exact"",""field_path"":""k8s_region"",""value"":""centralus""}],""field_predicates"":[{""kind"":""partial"",""field_path"":""payload.text"",""value"":""e630b37991e0d1b95953044f7a57365e""},{""kind"":""exact"",""field_path"":""extracted.uuid"",""value"":""e630b37991e0d1b95953044f7a57365e""}],""min_time"":""2023-10-10T17:34:43.331Z"",""max_time"":""2023-10-10T17:39:43.331Z"",""sort"":""Desc"",""limit"":2000,""family"":""container_logs""}']",KIBANA
3655,"['{""label_predicates"":[{""kind"":""exact"",""field_path"":""k8s_namespace"",""value"":""integrations-us""}],""field_predicates"":[{""kind"":""regex"",""field_path"":""payload.text"",""value"":"".*""}],""min_time"":""2023-10-11T18:29:29.660Z"",""max_time"":""2023-10-11T18:39:51.608Z"",""sort"":""Desc"",""limit"":2000,""family"":""container_logs""}']",KIBANA
3547,"['{""label_predicates"":[{""kind"":""exact"",""field_path"":""k8s_container"",""value"":""integrations-gateway""}],""field_predicates"":[{""kind"":""exact"",""field_path"":""payload.fields.service_slug"",""value"":""clover""},{""kind"":""partial"",""field_path"":""payload.text"",""value"":""Unauthorized""}],""min_time"":""2023-10-03T15:28:35.086Z"",""max_time"":""2023-10-04T15:28:35.086Z"",""sort"":""Desc"",""limit"":2000,""family"":""container_logs""}']",KIBANA
3216,"['{""label_predicates"":[{""kind"":""exact"",""field_path"":""k8s_environment"",""value"":""production""},{""kind"":""exact"",""field_path"":""k8s_region"",""value"":""centralus""}],""field_predicates"":[{""kind"":""exact"",""field_path"":""payload.fields.service_slug"",""value"":""foodpanda-web""}],""min_time"":""2023-09-26T12:32:41.032Z"",""max_time"":""2023-09-26T12:47:41.032Z"",""sort"":""Desc"",""limit"":2000,""family"":""container_logs""}']",KIBANA
3185,"['{""label_predicates"":[{""kind"":""exact"",""field_path"":""k8s_namespace"",""value"":""integrations-outage""},{""kind"":""exact"",""field_path"":""k8s_app"",""value"":""violation-detector""}],""field_predicates"":[{""kind"":""regex"",""field_path"":""payload.text"",""value"":"".*""}],""min_time"":""2023-10-04T17:33:44.588Z"",""max_time"":""2023-10-05T17:33:44.588Z"",""sort"":""Desc"",""limit"":2000,""family"":""container_logs""}']",KIBANA
3026,"['{""label_predicates"":[{""kind"":""exact"",""field_path"":""k8s_namespace"",""value"":""cloud-print""}],""field_predicates"":[{""kind"":""partial"",""field_path"":""payload.text"",""value"":""Created adapter for printer""},{""kind"":""partial"",""field_path"":""payload.text"",""value"":""595e4d1p""}],""min_time"":""2023-09-27T04:34:09.341Z"",""max_time"":""2023-09-28T04:34:09.341Z"",""sort"":""Desc"",""limit"":2000,""family"":""container_logs""}']",KIBANA
2980,"['{""label_predicates"":[{""kind"":""exact"",""field_path"":""k8s_namespace"",""value"":""identity""}],""field_predicates"":[{""kind"":""exact"",""field_path"":""payload.fields.source_file"",""value"":""com.css.identity.server.SessionCache""}],""min_time"":""2023-09-26T07:39:34.673Z"",""max_time"":""2023-09-26T19:39:34.673Z"",""sort"":""Desc"",""limit"":2000,""family"":""container_logs""}']",KIBANA
2896,"['{""label_predicates"":[{""kind"":""exact"",""field_path"":""k8s_namespace"",""value"":""ottergate""}],""field_predicates"":[{""kind"":""partial"",""field_path"":""payload.text"",""value"":""subscription""}],""min_time"":""2023-10-03T14:29:26.176Z"",""max_time"":""2023-10-03T14:44:26.176Z"",""sort"":""Desc"",""limit"":2000,""family"":""container_logs""}']",KIBANA
2822,"['{""label_predicates"":[{""kind"":""exact"",""field_path"":""k8s_container"",""value"":""outbound-gateway""}],""field_predicates"":[{""kind"":""exact"",""field_path"":""payload.fields.service_slug"",""value"":""revel""},{""kind"":""partial"",""field_path"":""payload.text"",""value"":""ERROR_TYPE_THIRD_PARTY_RATE_LIMITED""}],""min_time"":""2023-09-28T15:17:23.375Z"",""max_time"":""2023-09-29T15:17:23.375Z"",""sort"":""Desc"",""limit"":2000,""family"":""container_logs""}']",KIBANA
2792,"['{""label_predicates"":[{""kind"":""exact"",""field_path"":""k8s_environment"",""value"":""production""},{""kind"":""exact"",""field_path"":""k8s_region"",""value"":""centralus""}],""field_predicates"":[{""kind"":""regex"",""field_path"":""payload.text"",""value"":"".*""}],""min_time"":""2023-10-03T18:46:30.000Z"",""max_time"":""2023-10-03T18:46:45.000Z"",""sort"":""Desc"",""limit"":2000,""family"":""container_logs""}']",KIBANA
2775,"['{""label_predicates"":[{""kind"":""exact"",""field_path"":""k8s_environment"",""value"":""production""},{""kind"":""exact"",""field_path"":""k8s_region"",""value"":""centralus""}],""field_predicates"":[{""kind"":""partial"",""field_path"":""payload.text"",""value"":""0d931c94-0a84-4f53-bd6a-6aa246714866""},{""kind"":""partial"",""field_path"":""payload.text"",""value"":""outbound-gateway""},{""kind"":""exact"",""field_path"":""extracted.uuid"",""value"":""0d931c94-0a84-4f53-bd6a-6aa246714866""}],""min_time"":""2023-09-22T18:31:11.163Z"",""max_time"":""2023-09-22T18:46:11.163Z"",""sort"":""Desc"",""limit"":2000,""family"":""container_logs""}']",KIBANA
2649,"['{""label_predicates"":[{""kind"":""exact"",""field_path"":""k8s_container"",""value"":""outbound-gateway""}],""field_predicates"":[{""kind"":""exact"",""field_path"":""payload.fields.ofo_slug"",""value"":""talabat""}],""min_time"":""2023-09-22T07:11:28.355Z"",""max_time"":""2023-09-22T07:16:28.355Z"",""sort"":""Desc"",""limit"":2000,""family"":""container_logs""}']",KIBANA
2212,"['{""label_predicates"":[{""kind"":""exact"",""field_path"":""k8s_container"",""value"":""integrations-gateway""}],""field_predicates"":[{""kind"":""partial"",""field_path"":""payload.text"",""value"":""UNAVAILABLE""},{""kind"":""partial"",""field_path"":""payload.text"",""value"":""outbound-gateway.integrations-us:50051""}],""min_time"":""2023-09-28T20:27:23.778Z"",""max_time"":""2023-09-28T20:57:23.778Z"",""sort"":""Desc"",""limit"":2000,""family"":""container_logs""}']",KIBANA
2209,"['{""label_predicates"":[{""kind"":""exact"",""field_path"":""k8s_environment"",""value"":""production""},{""kind"":""exact"",""field_path"":""k8s_region"",""value"":""centralus""}],""field_predicates"":[{""kind"":""exact"",""field_path"":""payload.fields.ofo_slug"",""value"":""talabat""},{""kind"":""exact"",""field_path"":""payload.fields.call_type"",""value"":""GetOrderList""},{""kind"":""exact"",""field_path"":""payload.fields.store_id"",""value"":""1cbdad41-efd7-4dd7-a191-9554bcfaac69""},{""kind"":""exact"",""field_path"":""extracted.uuid"",""value"":""1cbdad41-efd7-4dd7-a191-9554bcfaac69""}],""min_time"":""2023-10-04T14:11:35.000Z"",""max_time"":""2023-10-04T14:11:45.000Z"",""sort"":""Desc"",""limit"":2000,""family"":""container_logs""}']",KIBANA
2029,"['{""label_predicates"":[{""kind"":""exact"",""field_path"":""k8s_container"",""value"":""billing-workflow""}],""field_predicates"":[{""kind"":""partial"",""field_path"":""payload.text"",""value"":""81f29e25-c3df-4cd2-8b69-d362b71e8d44""},{""kind"":""exact"",""field_path"":""extracted.uuid"",""value"":""81f29e25-c3df-4cd2-8b69-d362b71e8d44""}],""min_time"":""2023-10-03T15:17:15.609Z"",""max_time"":""2023-10-05T15:17:15.609Z"",""sort"":""Desc"",""limit"":2000,""family"":""container_logs""}']",KIBANA
2002,"['{""label_predicates"":[{""kind"":""exact"",""field_path"":""k8s_container"",""value"":""store-state-operator""}],""field_predicates"":[{""kind"":""partial"",""field_path"":""payload.text"",""value"":""TEMP LOGGING.....""}],""min_time"":""2023-10-03T17:29:55.561Z"",""max_time"":""2023-10-04T17:29:55.561Z"",""sort"":""Desc"",""limit"":2000,""family"":""container_logs""}']",KIBANA
1937,"['{""label_predicates"":[{""kind"":""exact"",""field_path"":""k8s_container"",""value"":""dispute-producer-service""},{""kind"":""exact"",""field_path"":""k8s_namespace"",""value"":""order-dispute""}],""field_predicates"":[{""kind"":""regex"",""field_path"":""payload.text"",""value"":"".*""}],""min_time"":""2023-10-04T01:20:10.867Z"",""max_time"":""2023-10-11T01:20:10.867Z"",""sort"":""Desc"",""limit"":2000,""family"":""container_logs""}']",KIBANA
1862,"['{""label_predicates"":[{""kind"":""exact"",""field_path"":""k8s_container"",""value"":""websocket-service""}],""field_predicates"":[{""kind"":""regex"",""field_path"":""payload.text"",""value"":"".*""}],""min_time"":""2023-10-10T10:02:30.468Z"",""max_time"":""2023-10-11T10:02:30.468Z"",""sort"":""Desc"",""limit"":2000,""family"":""container_logs""}']",KIBANA
1754,"['{""label_predicates"":[{""kind"":""exact"",""field_path"":""k8s_namespace"",""value"":""integrations""}],""field_predicates"":[{""kind"":""exact"",""field_path"":""payload.fields.service_slug"",""value"":""yogiyo""},{""kind"":""exact"",""field_path"":""payload.fields.service_slug"",""value"":""skipthedishes-api""},{""kind"":""exact"",""field_path"":""payload.fields.service_slug"",""value"":""coupangeats""},{""kind"":""exact"",""field_path"":""payload.fields.service_slug"",""value"":""swiggy-api""},{""kind"":""exact"",""field_path"":""payload.fields.service_slug"",""value"":""zomato-api""},{""kind"":""exact"",""field_path"":""payload.fields.service_slug"",""value"":""menulog-web""},{""kind"":""exact"",""field_path"":""payload.fields.service_slug"",""value"":""takeaway-web""},{""kind"":""partial"",""field_path"":""payload.text"",""value"":""Egress Solution in BaseGatewayReporter""}],""min_time"":""2023-09-27T08:26:53.557Z"",""max_time"":""2023-09-27T08:41:53.557Z"",""sort"":""Desc"",""limit"":2000,""family"":""container_logs""}']",KIBANA
1695,"['{""label_predicates"":[{""kind"":""exact"",""field_path"":""k8s_container"",""value"":""outbound-gateway""}],""field_predicates"":[{""kind"":""exact"",""field_path"":""payload.fields.service_slug"",""value"":""revel""}],""min_time"":""2023-09-27T13:34:32.885Z"",""max_time"":""2023-09-28T13:34:32.885Z"",""sort"":""Desc"",""limit"":2000,""family"":""container_logs""}']",KIBANA
1457,"['{""label_predicates"":[{""kind"":""exact"",""field_path"":""k8s_container"",""value"":""outbound-gateway""}],""field_predicates"":[{""kind"":""exact"",""field_path"":""payload.fields.service_slug"",""value"":""revel""},{""kind"":""partial"",""field_path"":""payload.text"",""value"":""[429]""}],""min_time"":""2023-09-28T15:16:05.418Z"",""max_time"":""2023-09-29T15:16:05.418Z"",""sort"":""Desc"",""limit"":2000,""family"":""container_logs""}']",KIBANA
1429,"['{""label_predicates"":[{""kind"":""exact"",""field_path"":""k8s_container"",""value"":""webhook""},{""kind"":""exact"",""field_path"":""k8s_namespace"",""value"":""integrations-eu""}],""field_predicates"":[{""kind"":""regex"",""field_path"":""payload.text"",""value"":"".*""}],""min_time"":""2023-10-10T15:49:46.251Z"",""max_time"":""2023-10-11T15:49:46.251Z"",""sort"":""Desc"",""limit"":2000,""family"":""container_logs""}']",KIBANA
1326,"['{""label_predicates"":[{""kind"":""exact"",""field_path"":""k8s_namespace"",""value"":""integrations""}],""field_predicates"":[{""kind"":""partial"",""field_path"":""payload.text"",""value"":""Egress Solution in BaseGatewayReporter""}],""min_time"":""2023-09-27T08:07:19.096Z"",""max_time"":""2023-09-27T08:22:19.096Z"",""sort"":""Desc"",""limit"":2000,""family"":""container_logs""}']",KIBANA
1189,"['{""label_predicates"":[{""kind"":""exact"",""field_path"":""k8s_environment"",""value"":""production""},{""kind"":""exact"",""field_path"":""k8s_region"",""value"":""centralus""}],""field_predicates"":[{""kind"":""partial"",""field_path"":""payload.text"",""value"":""UNAVAILABLE""}],""min_time"":""2023-09-28T17:08:31.589Z"",""max_time"":""2023-09-28T17:11:28.282Z"",""sort"":""Desc"",""limit"":2000,""family"":""system_logs""}']",KIBANA
768,"['{""label_predicates"":[{""kind"":""exact"",""field_path"":""k8s_container"",""value"":""integrations-gateway""}],""field_predicates"":[{""kind"":""exact"",""field_path"":""payload.fields.ofo_slug"",""value"":""ifood-merchant-api""},{""kind"":""exact"",""field_path"":""payload.fields.call_type"",""value"":""GetBatchOrderList""},{""kind"":""partial"",""field_path"":""payload.text"",""value"":""incident-20230926-ifood_order_import""}],""min_time"":""2023-09-27T05:40:04.719Z"",""max_time"":""2023-09-27T05:55:04.719Z"",""sort"":""Desc"",""limit"":2000,""family"":""container_logs""}']",KIBANA
642,"['{""label_predicates"":[{""kind"":""exact"",""field_path"":""k8s_container"",""value"":""store-state-operator""}],""field_predicates"":[{""kind"":""partial"",""field_path"":""payload.text"",""value"":""DEBUG STORELINK""}],""min_time"":""2023-09-26T16:03:47.264Z"",""max_time"":""2023-09-26T16:33:47.264Z"",""sort"":""Desc"",""limit"":2000,""family"":""container_logs""}']",KIBANA
355,"['{""label_predicates"":[{""kind"":""exact"",""field_path"":""k8s_namespace"",""value"":""menus""},{""kind"":""exact"",""field_path"":""k8s_container"",""value"":""menu-workflows""}],""field_predicates"":[{""kind"":""exact"",""field_path"":""payload.fields.call_type"",""value"":""BulkResolveMenuDifferences""}],""min_time"":""2023-10-06T16:56:56.713Z"",""max_time"":""2023-10-06T17:21:56.713Z"",""sort"":""Desc"",""limit"":2000,""family"":""container_logs""}']",KIBANA
